subreddit,kept,deleted,overall,rem_perc,intercept,effect,threshold,quant_05,quant_25,quant_50,quant_75,quant_95
POLITIC,12966,243,13209,0.018396547808312513,-3.7934929364504786,-1.1166910589114758,-3.397083648317455,0.03613498732447625,0.12013809382915497,0.18044288456439972,0.22149118781089783,0.25992209911346437
SeattleWA,1507,58,1565,0.03706070287539936,-3.061522976900151,-1.8912218662052538,-1.618806884378464,0.030971096828579903,0.06989240646362305,0.1018967479467392,0.1426858901977539,0.18334752917289734
WayOfTheBern,8079,318,8397,0.03787066809574848,-4.160095300749155,4.3778299933335125,0.9502642421208862,0.0479477733373642,0.13628843426704407,0.2084025889635086,0.26958855986595154,0.30897741913795473
neoliberal,3071,122,3193,0.038208581271531476,-3.347031916654007,1.0258512042435552,3.262687515312759,0.029208473861217502,0.0756894201040268,0.11577102541923523,0.16039098799228668,0.20092831552028653
ChapoTrapHouse,29791,1227,31018,0.03955767618801986,-3.087291549188757,-1.079534863893142,-2.8598349645281615,0.037731589190661906,0.0689372830092907,0.09409673511981964,0.12084190547466278,0.15817695185542105
ontario,1173,50,1223,0.04088307440719542,-2.195137637277604,-12.934366872960052,-0.16971357460616415,0.02620255295187235,0.056585680693387985,0.08026290684938431,0.10482833534479141,0.13981166332960127
LateStageCapitalism,3366,168,3534,0.04753820033955857,-3.0644083789061867,0.8709792853273701,3.518348174898769,0.0299081914126873,0.05648444686084986,0.07512596994638443,0.09483917243778706,0.12796631306409836
worldpolitics,11571,594,12165,0.048828606658446363,-2.950444052304399,-0.1475355101322305,-19.998196025214725,0.03189871162176133,0.0910654291510582,0.13476203382015228,0.1707351803779602,0.20494577288627625
TheNewRight,768,47,815,0.05766871165644172,-2.247864036617014,-4.909423741744041,-0.45786718663206594,0.038584033772349355,0.07882093638181686,0.11687398701906204,0.15543434768915176,0.1895236864686012
Michigan,719,46,765,0.06013071895424837,-1.6365539713223844,-12.291678571758895,-0.13314324498221886,0.026361810415983202,0.06406181305646896,0.09905295073986053,0.14125418663024902,0.18690356314182283
skeptic,508,33,541,0.06099815157116451,-1.4811698701526823,-12.77650845880357,-0.11592915818343875,0.04591682180762291,0.08423102647066116,0.10634064674377441,0.12810184061527252,0.15604689717292786
collapse,2254,149,2403,0.062005826050769874,-2.0326005172837998,-7.511222212521487,-0.27060849216993993,0.027994504943490026,0.06905371695756912,0.09797561168670654,0.12469016015529633,0.15842498689889908
maryland,519,37,556,0.06654676258992806,-1.1051833003664955,-20.31164181574247,-0.05441132284589259,0.02499187598004937,0.056193810887634754,0.08870778232812881,0.12348631769418716,0.15424726530909538
onguardforthee,993,79,1072,0.07369402985074627,-1.9569098908800362,-5.489998502468765,-0.35644998627960367,0.030055987183004618,0.07977578416466713,0.11416241154074669,0.14155962318181992,0.17521702274680137
ireland,4810,399,5209,0.07659819543098484,-2.3368725225971616,-1.9876039359200912,-1.1757234328052328,0.026521143317222596,0.052248574793338776,0.07302933186292648,0.10138924419879913,0.14046002626419066
IndiaSpeaks,6633,651,7284,0.08937397034596375,-1.5794870616079892,-5.9528628910901125,-0.26533234353038276,0.026155951060354718,0.09111934527754784,0.14020640403032303,0.17898356169462204,0.22198663875460622
CoronavirusMemes,772,80,852,0.09389671361502347,-1.998416927812016,-2.799883161070914,-0.713750114861097,0.04166846405714751,0.07337719202041626,0.0957091897726059,0.11585966870188713,0.1626425191760063
Libertarian,3848,401,4249,0.09437514709343375,-0.6486331140794841,-15.728988603574752,-0.041238068793060745,0.0330693781375885,0.08534342050552368,0.11927063763141632,0.15019167959690094,0.1783571094274521
The_Mueller,1961,212,2173,0.0975609756097561,-2.5508587957016924,1.5283887461582026,1.6689855916000407,0.03436477482318878,0.16162917017936707,0.2323170006275177,0.272323340177536,0.3122424960136414
PoliticalVideo,941,105,1046,0.10038240917782026,-1.4943894148688022,-6.105696802109864,-0.24475329570122217,0.03658404108136892,0.08623533509671688,0.11914730817079544,0.16024184599518776,0.1920858807861805
ukpolitics,4461,542,5003,0.10833499900059965,-1.2300716984091717,-6.249297981530208,-0.19683358067492496,0.04840846210718155,0.11010967567563057,0.15254397690296173,0.19183256477117538,0.2338796854019165
atheism,4751,599,5350,0.1119626168224299,-1.9300600930749325,-1.1097293614539891,-1.7392169299243647,0.045969034731388095,0.09246571734547615,0.12931951880455017,0.16540197655558586,0.20263102650642395
DrainTheSwamp,1065,140,1205,0.11618257261410789,-2.6807011530677842,4.607921556082374,0.581759285708609,0.03332033008337021,0.09870045632123947,0.1439570188522339,0.1814371794462204,0.21249766945838927
florida,794,105,899,0.1167964404894327,-1.6325983383068516,-3.332814327778624,-0.4898557728521905,0.028468874841928483,0.07335333526134491,0.1253824084997177,0.1694805696606636,0.20976172387599942
trump,2312,313,2625,0.11923809523809524,-2.2598260880724914,1.856228283403833,1.2174289704974037,0.034260055422782904,0.0766754075884819,0.14387968182563782,0.19499355554580688,0.23398921489715577
economy,1119,152,1271,0.11959087332808813,-1.0950017097271885,-9.588657702028929,-0.1141976013488822,0.034610915929079056,0.07266049087047577,0.10084901750087738,0.12831643968820572,0.15680211037397385
environment,2787,382,3169,0.12054275796781319,-0.34062651921241266,-14.82593411085844,-0.022975046068965024,0.03711253851652145,0.09347444772720337,0.1274881660938263,0.15589666366577148,0.1907872200012207
conspiracy,9537,1315,10852,0.12117582012532252,-1.4602688574695852,-6.2997520075020645,-0.23179783199888232,0.02772402120754123,0.06140189245343208,0.08642691746354103,0.11082862317562103,0.1388113610446452
metacanada,2021,282,2303,0.12244897959183673,-1.500207800251548,-4.962173723168455,-0.3023287542810236,0.03087387215346098,0.07018172740936279,0.0980309247970581,0.12595660984516144,0.16062955260276796
Economics,1263,206,1469,0.14023144996596323,-0.5415792233965465,-11.972107101963552,-0.04523675062242985,0.039831732213497166,0.0885295569896698,0.11648598313331604,0.14284157752990723,0.17396234869956967
conservatives,1312,225,1537,0.14638906961613532,-1.1260640806704416,-5.612062004384819,-0.20065068414971624,0.030652078241109847,0.07925048470497131,0.12440583109855652,0.16115358471870422,0.19306798875331876
Futurology,2317,398,2715,0.14659300184162063,-0.11729569165868428,-18.914151935608857,-0.006201477711398561,0.029526551067829136,0.0723278559744358,0.09905657917261124,0.12151729315519333,0.15002579838037478
bayarea,1153,205,1358,0.15095729013254786,-1.4111294996730035,-3.2316012061209847,-0.4366657299793611,0.029517176840454344,0.06525862403213978,0.09831066057085991,0.13533567264676094,0.17035074159502978
EverythingScience,910,179,1089,0.16437098255280075,-1.0347220677816151,-6.001196818149667,-0.17241928554188765,0.043550537526607515,0.07725127786397934,0.10108937323093414,0.12620842456817627,0.15882989764213562
Coronavirus,4702,939,5641,0.16645984754476156,-1.1186416413516074,-5.797538179729598,-0.19295114696489707,0.031679291278123856,0.0629471093416214,0.08771935105323792,0.1111714094877243,0.142940491437912
CanadaPolitics,975,195,1170,0.16666666666666666,0.028365006499056922,-13.062345553858872,0.002171509426243692,0.02830648822709918,0.10465257801115513,0.14204132556915283,0.17800534516572952,0.21981876492500305
europe,5560,1207,6767,0.17836559775380523,-0.9315555166497685,-7.103201362977114,-0.13114586917177473,0.020970711857080458,0.06420822441577911,0.09013953804969788,0.11232683435082436,0.14178322851657865
indianews,2056,516,2572,0.2006220839813375,-0.9912046957664084,-2.5287156875655095,-0.39197949403346277,0.04427206683903933,0.11696301028132439,0.16345106065273285,0.20069566741585732,0.2492951728403568
toronto,1961,497,2458,0.20219690805532953,-1.1089871929230772,-2.8273684476686802,-0.39223299454922395,0.024681247491389516,0.06067158095538616,0.09297924488782883,0.13137923181056976,0.1661647729575634
China_Flu,5911,1573,7484,0.21018172100481025,-1.2525348282457969,-0.670900611130256,-1.8669454274839168,0.0317890414968133,0.07722518593072891,0.10783213376998901,0.13716179504990578,0.17642667368054388
unitedkingdom,3137,846,3983,0.2124027115239769,-0.1705087364472015,-12.969430350857065,-0.013146971905048526,0.024177618324756622,0.06442964822053909,0.09541429579257965,0.12440550327301025,0.16032416224479668
newzealand,2296,665,2961,0.22458628841607564,-1.6741543442452655,5.3257317800626085,0.31435198267262054,0.024680085480213165,0.04959854856133461,0.0698648989200592,0.10872723162174225,0.154961496591568
ottawa,2026,590,2616,0.22553516819571864,-1.1497463733158246,-1.0590049434485966,-1.0856855583428469,0.02815198851749301,0.054744902998209,0.07642033696174622,0.1036513689905405,0.139856219291687
politics,25203,7354,32557,0.22588076296956108,0.10748037368103153,-6.912916170029783,0.01554776176036986,0.0774349644780159,0.1622619479894638,0.21480318903923035,0.24924084544181824,0.2844596803188324
vancouver,3495,1027,4522,0.22711189739053517,-1.1864155187036785,-0.4762403509520645,-2.4912116672429883,0.026963355392217638,0.056829771026968956,0.07782556861639023,0.10341173596680164,0.14042926281690596
nyc,1951,615,2566,0.2396726422447389,-1.4508493731429573,2.769884212232348,0.5237942318078582,0.025964563246816397,0.06681233830749989,0.10504050552845001,0.1452791690826416,0.180514145642519
singapore,2923,922,3845,0.23979193758127437,-1.0654289846657539,-1.2946093067875903,-0.8229733704830854,0.022499374300241473,0.04438161104917526,0.06358041614294052,0.08957691490650177,0.1309668391942978
China,2413,769,3182,0.24167190446260214,-0.9878217927560418,-1.1496086093064044,-0.8592679149750159,0.023123407363891603,0.08327069133520126,0.1519240438938141,0.18517877906560898,0.22192815318703651
uspolitics,927,325,1252,0.2595846645367412,-0.277174237628638,-4.425259800322141,-0.06263456839493602,0.06460940912365915,0.13530685380101204,0.18811455368995667,0.22689497843384743,0.2590832695364952
TechNewsToday,509,190,699,0.2718168812589413,-0.3906055053158868,-5.537176081469734,-0.07054236664480576,0.050271684676408766,0.08319922536611557,0.11053381860256195,0.13451623916625977,0.1649007022380829
australia,9307,3566,12873,0.2770139050726326,-0.600307143416875,-3.5004931462346645,-0.17149216362917336,0.025663408637046817,0.06264834105968475,0.1033523678779602,0.14438112080097198,0.1894802749156952
science,2400,931,3331,0.279495646952867,0.12815333822089892,-13.05704356242028,0.009814881723282246,0.022807925008237362,0.06152430549263954,0.08788073062896729,0.1118224449455738,0.14130974560976028
india,10447,4323,14770,0.2926878808395396,-0.15091268718145923,-7.200231009566059,-0.020959422965868755,0.02096972307190299,0.05962799955159426,0.10881396383047104,0.14928996190428734,0.19095107540488238
Conservative,5767,2829,8596,0.32910656119125176,0.7863226767192469,-11.865087763462983,0.06627196464071904,0.033647872507572174,0.09268734976649284,0.1389705166220665,0.17491862922906876,0.20773237198591232
nottheonion,3790,2253,6043,0.37282806553036574,-0.4092306635359103,-0.9886982189289442,-0.4139085675497924,0.04145422354340554,0.09312955290079117,0.11632847040891647,0.137554831802845,0.16419859528541564
dataisbeautiful,2120,1262,3382,0.3731519810762862,1.3008648294800096,-19.204315142937354,0.06773815258694191,0.029618341755121957,0.06970439851284027,0.09899814054369926,0.12814153730869293,0.16568219661712646
democrats,876,563,1439,0.3912439193884642,1.0636366208213162,-7.89393007630035,0.13474107453961778,0.05198614522814751,0.15903794765472412,0.20907777547836304,0.2420307919383049,0.27508853077888484
worldnews,20911,13595,34506,0.39398945110995187,1.3907503743033616,-17.0922152773379,0.0813674735390982,0.025130297988653183,0.07775873690843582,0.11439076066017151,0.1439415141940117,0.18010448664426804
canada,2600,1716,4316,0.39759036144578314,0.8690794065194325,-14.589974959184437,0.05956688815098646,0.020779773127287626,0.06266630813479424,0.09411808848381042,0.11956656910479069,0.1484934762120247
inthenews,663,479,1142,0.4194395796847636,0.24498326460811784,-4.9057664183316225,0.04993781678896831,0.037148978747427466,0.08621371909976006,0.12010230496525764,0.1510302573442459,0.1852235622704029
Republican,808,612,1420,0.4309859154929577,1.6528604483514848,-13.875761556456528,0.11911853930513765,0.0353856272995472,0.10089523158967495,0.14698638021945953,0.18712186068296432,0.2221794508397579
USNEWS,377,338,715,0.4727272727272727,-0.970549620539297,5.484190941423153,0.17697225186098983,0.0639843724668026,0.12436769530177116,0.1611620932817459,0.19174283742904663,0.22874633073806763
pakistan,1256,1176,2432,0.48355263157894735,-0.10887440250934372,0.40438632486749904,0.26923364073950184,0.022749514412134887,0.05545438826084137,0.10408877581357956,0.15726884454488754,0.19799987748265263
wallstreetbets,5917,5561,11478,0.48449207178951037,-0.1569866081603269,0.9456077431249406,0.16601662719209004,0.040137757547199726,0.07266942411661148,0.0985945351421833,0.12690940871834755,0.1667449854314327
technology,3309,3605,6914,0.5214058432166618,1.2572488181637322,-15.817006043245167,0.07948715545320631,0.023751630354672672,0.05512694176286459,0.07499612867832184,0.09366586059331894,0.1178428463637829
SEO,1269,1619,2888,0.560595567867036,0.6674416014731216,-2.616950897745672,0.2550455195961368,0.037515174597501755,0.09890983253717422,0.15549856424331665,0.22820144891738892,0.28536015152931216
POTUSWatch,636,825,1461,0.5646817248459959,-1.9411703057568612,9.569992526547118,0.20283927081155634,0.04722721502184868,0.174386128783226,0.2554902136325836,0.300503134727478,0.345966100692749
medicine,397,589,986,0.5973630831643002,-0.03373580049354139,4.66599264167184,0.007230144383908361,0.028896749950945377,0.06951449811458588,0.09429993852972984,0.11710693128407001,0.1446758434176445
Sino,784,1321,2105,0.6275534441805226,0.949063845158231,-3.6069621010649078,0.2631199936583843,0.029109925776720048,0.0717320442199707,0.12220598757266998,0.16050134599208832,0.1982771694660187
UpliftingNews,1065,2032,3097,0.6561188246690346,0.959472527997958,-3.778240940594862,0.25394688774054064,0.020361328870058062,0.05895206332206726,0.08652456104755402,0.106868676841259,0.13304376602172852
news,9012,23440,32452,0.7222975471465549,1.9061906591212736,-12.40998924454207,0.15360131435727223,0.014372177794575693,0.04974690452218056,0.07535818964242935,0.09919476881623268,0.1258532017469406
tech,528,1437,1965,0.7312977099236642,0.8882726478352172,1.5459051428946122,-0.5745971231921652,0.026007819175720218,0.05617854371666908,0.07494645565748215,0.09161555022001266,0.11496993154287338
technews,314,876,1190,0.7361344537815127,1.1373116429379293,-1.0691635206024446,1.0637396628507163,0.04034253805875778,0.07843311503529549,0.10575392842292786,0.1303209625184536,0.15959867909550668
usanews,264,767,1031,0.7439379243452958,-0.6119136056540625,10.972538862235902,0.055767731911169675,0.06462960690259933,0.1307597979903221,0.16888177394866943,0.19701606035232544,0.23032128810882568
healthcare,338,1091,1429,0.7634709587123862,1.575684227399547,-4.335570962307764,0.3634317696788043,0.03200766295194626,0.06988313794136047,0.09305959939956665,0.11607681959867477,0.14333032369613644
Health,871,3419,4290,0.796969696969697,1.2299743978627937,1.6815946987751302,-0.7314333226423134,0.030894847959280013,0.0633208379149437,0.08415332436561584,0.10332701541483402,0.12775005549192428
healthIT,88,384,472,0.8135593220338984,-0.2745780675898673,13.489463197287497,0.020355003277304638,0.020358243957161903,0.08999373577535152,0.17571861296892166,0.20633888989686966,0.2361467719078064
business,2132,9387,11519,0.814914489104957,1.2799102481014415,3.460803170365523,-0.3698304078836879,0.018770719692111016,0.04206717386841774,0.059073980897665024,0.07667109370231628,0.0993119552731514
